claim_id,claim_type,member_id,provider_id,service_date,service_code,billed_amount,allowed_amount,paid_amount,claim_status
C1001,MEDICAL,M001,P001,2026-05-10,99213,250.00,200.00,180.00,PAID
C1002,MEDICAL,M002,P002,2026-06-12,99223,1800.00,1500.00,1300.00,PAID
RX2001,PHARMACY,M001,P004,2026-05-11,00000000001,120.00,95.00,85.00,PAID
RX2002,PHARMACY,M003,P004,2026-06-01,00000000006,260.00,220.00,200.00,PAID
C1003,MEDICAL,M999,P001,2026-05-15,99213,175.00,140.00,120.00,PAID
C1004,MEDICAL,M003,P999,2026-05-01,99214,300.00,240.00,210.00,PAID
C1005,MEDICAL,M002,P001,2026-07-10,99213,210.00,170.00,150.00,PAID
RX2003,PHARMACY,M005,P004,2026-05-13,12345,110.00,95.00,85.00,PAID
RX2004,PHARMACY,M003,P004,2026-05-14,00000000005,130.00,100.00,-5.00,PAID
C1002,MEDICAL,M002,P002,2026-06-12,99223,1800.00,1500.00,1300.00,PAID